Date,Reservoir Water Level,Reservoir Capacity,Rainfall (Nachchaduwa),prev_day_level,prev_day_release,rainfall_3day_sum,rainfall_7day_sum,level_change,Previous Water Release
2024-02-18,19.2083,32700.0,0.0,19.3333,142.32,0.0,0.0,-0.125,153.07
2025-10-23,8.8333,8800.0,33.3,8.9167,47.39,55.40000000000002,166.5,-0.08340000000000103,98.49000000000001
2024-05-24,14.625,18425.0,7.06,14.5,10.65333333333333,22.26,84.46000000000002,0.125,10.67666666666667
2023-01-05,15.625,21300.0,10.0,15.75,147.54,10.0,10.00000000000004,-0.125,166.33
2023-05-20,17.0833,25700.0,0.0,17.1667,122.87,0.0,0.0,-0.08339999999999748,127.074
2025-11-10,6.75,6600.0,0.0,6.9167,138.33,8.20000000000002,17.90000000000001,-0.1666999999999996,139.44
2024-04-18,14.8333,19200.0,0.0,15.0,131.89,0.0,0.0,-0.1667000000000005,165.65
2025-12-07,19.8333,35250.0,0.0,20.25,35.12428571428572,0.0,19.50000000000003,-0.4166999999999987,38.60571428571428
2025-04-22,18.75,31125.0,0.0,18.6667,103.5033333333333,26.50000000000001,29.50000000000003,0.08330000000000126,113.1266666666667
2022-03-12,18.9167,32000.0,0.0,18.9167,6.1,0.0,0.0,0.0,6.1
2022-06-04,17.25,26000.0,0.0,17.5,166.96,0.0,1.400000000000043,-0.25,171.22
2025-04-08,19.6667,34250.0,2.0,19.6667,178.45,56.00000000000001,101.0,0.0,149.6
2025-02-17,20.125,36656.5,0.0,20.2083,177.73,0.0,0.0,-0.08330000000000126,136.17
2023-06-17,13.5833,16500.0,0.0,13.75,163.94,0.0,0.0,-0.1667000000000005,78.63
2023-05-04,17.3333,26500.0,53.0,17.3333,123.1776923076923,56.2,87.40000000000005,0.0,123.3746153846154
2022-09-24,11.0833,11800.0,0.0,11.0833,48.87035714285715,0.0,0.0,0.0,50.79714285714286
2025-04-17,19.0,32100.0,0.0,19.125,181.53,3.000000000000014,3.000000000000028,-0.125,180.98
2025-02-20,20.0,36250.0,0.0,20.0833,119.49,0.0,0.0,-0.08330000000000126,139.41
2022-05-20,18.7083,30937.5,0.0,18.75,159.64,5.4,9.400000000000043,-0.04169999999999874,158.21
2023-07-18,9.6667,9800.0,0.0,9.6667,101.23,0.0,0.0,0.0,116.04
2025-11-26,8.5,8400.0,115.0,7.0833,6.83,187.0,224.8,1.4167,8.11
2024-05-11,12.2917,13900.0,48.7,12.5417,196.26,98.9,130.9,-0.25,193.81
2022-02-12,18.4167,30200.0,15.0,18.4167,141.6855555555555,21.0,21.00000000000003,0.0,138.7311111111111
2024-02-20,19.0,32100.0,0.0,19.125,152.71,0.0,0.0,-0.125,129.6
2025-02-15,20.2917,37197.5,0.0,20.39585,190.33,0.0,0.0,-0.1041500000000006,189.82
2024-05-01,13.4167,16200.0,3.0,13.5,73.73,3.0,3.000000000000028,-0.08329999999999949,61.026
2023-02-16,19.9167,36000.0,0.0,19.9167,59.79,0.0,0.0,0.0,36.2
2025-12-08,19.75,34750.0,0.0,19.8333,38.60571428571428,0.0,19.50000000000003,-0.08330000000000126,42.08714285714287
2024-07-06,10.2,10250.0,0.0,10.25,193.83,0.0,0.0,-0.05000000000000071,183.64
2025-03-26,20.5833,38146.0,0.0,20.7083,126.43,0.0,0.0,-0.125,144.29
2023-03-27,19.75,34750.0,0.0,19.75,121.79,6.7,31.00000000000004,0.0,145.23
2023-04-06,19.1667,32600.0,3.5,19.0,158.23,23.0,30.20000000000004,0.1666999999999987,158.99
2024-03-26,17.4167,26750.0,0.0,17.5833,188.74,0.0,0.0,-0.1666000000000025,187.73
2022-02-21,19.125,32500.0,0.0,19.0833,118.32,3.5,3.500000000000028,0.04169999999999874,82.95333333333332
2022-08-24,11.5,12500.0,0.0,11.625,64.49,0.0,0.0,-0.125,63.70444444444444
2024-11-21,7.5417,7425.0,25.5,7.6667,108.45,35.0,42.38000000000002,-0.125,120.76
2023-07-11,10.8333,11400.0,0.0,11.0,174.55,0.0,0.0,-0.1667000000000005,186.92
2022-10-19,11.8333,13000.0,0.0,11.9167,97.04,16.2,31.10000000000004,-0.08340000000000103,73.36
2023-05-29,16.25,22375.0,21.5,16.5,182.07,21.5,21.50000000000004,-0.25,170.85
2024-04-12,15.1667,19850.0,0.0,15.1667,136.7,21.4,45.90000000000003,0.0,139.73
2024-06-13,13.1667,15600.0,0.0,13.375,178.05,0.0,2.000000000000028,-0.2082999999999995,176.57
2023-07-05,11.5,12500.0,0.0,11.75,211.26,0.0,0.0,-0.25,194.23
2023-09-02,7.75,7600.0,0.0,7.75,13.2241935483871,0.0,0.0,0.0,14.8183870967742
2025-04-04,19.7083,34500.0,0.0,19.8333,203.66,45.00000000000001,49.00000000000003,-0.125,191.39
2023-07-24,8.75,8750.0,0.0,9.0,123.74,0.0,0.0,-0.25,121.89
2025-09-26,12.9583,15300.0,0.0,13.2083,168.42,6.080000000000028,6.080000000000028,-0.25,191.65
2022-03-23,19.0833,32400.0,24.8,19.0833,41.92,24.8,25.80000000000003,0.0,53.85666666666667
2025-10-28,8.5833,8500.0,12.2,8.5833,37.97,12.20000000000002,87.60000000000001,0.0,29.54
2022-07-07,13.1667,15600.0,0.0,13.3333,174.12,0.0,0.0,-0.166599999999999,155.78
2023-12-01,20.6667,38416.0,19.5,20.6667,166.69,27.3,35.30000000000003,0.0,166.69
2024-03-22,17.875,28300.0,0.0,18.0833,147.91,0.0,0.0,-0.2083000000000013,179.84
2023-02-02,17.5833,27500.0,19.3,17.6667,156.78,38.8,38.80000000000004,-0.08339999999999748,153.5872727272727
2022-06-14,16.1667,22325.0,0.0,16.3333,181.26,0.0,0.0,-0.1666000000000025,180.2
2022-03-02,19.0,32100.0,0.0,19.0833,6.11,0.0,0.0,-0.08330000000000126,30.6
2024-07-15,9.7333,9900.0,0.0,9.7583,48.6493388429752,0.0,0.0,-0.02500000000000036,49.14578512396694
2022-05-18,18.75,31125.0,3.7,18.75,162.5,6.300000000000001,7.700000000000043,0.0,161.07
2022-02-01,19.0833,32400.0,0.0,19.1667,141.88,0.0,9.000000000000028,-0.08339999999999748,141.73
2024-02-14,19.4583,33650.0,0.0,19.4583,114.762,0.0,0.0,0.0,124.058
2022-03-03,18.9167,32000.0,0.0,19.0,30.6,0.0,0.0,-0.08330000000000126,41.28
2023-05-23,17.0833,25700.0,0.0,17.0833,135.482,0.0,0.0,0.0,139.686
2023-06-18,13.5,16400.0,2.4,13.5833,78.63,2.4,2.400000000000043,-0.08329999999999949,78.37
2023-04-24,17.6667,27850.0,0.0,17.6667,127.7833333333333,0.0,0.0,0.0,140.87
2023-02-13,20.0,36250.0,0.0,20.0,121.66,0.0,0.0,0.0,133.3
2022-05-22,18.5833,30500.0,0.0,18.7083,156.78,0.0,8.000000000000043,-0.125,167.18
2022-03-15,18.9167,32000.0,0.0,18.9167,6.1,0.0,0.0,0.0,6.1
2022-06-21,15.5833,21200.0,0.0,15.6667,136.865,0.0,6.000000000000043,-0.08340000000000103,161.72
2022-06-20,15.6667,21400.0,0.0,15.6667,112.01,0.0,6.000000000000043,0.0,136.865
2022-01-16,20.0,36250.0,0.0,20.0,123.988,0.0,0.0,0.0,121.66
2024-12-28,20.625,38281.5,0.0,20.6667,149.88,8.100000000000014,8.100000000000028,-0.04169999999999874,149.72
2022-07-19,11.6667,12800.0,21.5,11.6667,76.54228571428571,26.9,26.90000000000004,0.0,76.20457142857143
2024-11-13,8.5417,8450.0,13.5,8.7083,143.44,13.5,48.05000000000003,-0.166599999999999,132.53
2025-06-10,19.0833,32400.0,0.0,19.2083,153.07,0.0,0.0,-0.125,180.68
2024-02-01,20.1667,36792.0,0.0,20.1667,50.32,5.0,5.000000000000028,0.0,69.482
2022-05-23,18.4167,30200.0,0.0,18.5833,167.18,0.0,7.600000000000043,-0.1666000000000025,182.98
2024-01-29,20.3333,37333.0,0.0,20.4583,160.08,0.0,0.0,-0.125,159.54
2023-04-23,17.6667,27850.0,0.0,17.6667,114.6966666666667,0.0,0.0,0.0,127.7833333333333
2022-05-27,17.9167,28400.0,0.0,18.0833,186.68,0.0,0.0,-0.1666000000000025,164.15
2024-11-23,7.25,7100.0,23.8,7.4167,133.07,88.7,101.5,-0.1666999999999996,145.38
2021-03-14,19.625,34075.0,0.0,19.75,103.32,0.0,8.6,-0.125,91.28999999999999
2024-11-19,7.7917,7650.0,5.0,7.9167,110.76,8.3,25.88000000000003,-0.125,109.23
2024-07-01,11.0833,11800.0,0.0,11.25,153.66,0.0,0.0,-0.1667000000000005,163.11
2022-11-13,10.9167,11500.0,33.0,10.75,52.61,39.4,62.80000000000004,0.1667000000000005,53.05
2023-01-19,17.0,25500.0,0.0,17.0833,143.89,0.0,0.0,-0.08330000000000126,143.5
2022-03-06,18.9167,32000.0,0.0,18.9167,6.11,5.2,5.200000000000029,0.0,6.11
2024-07-10,10.0,10200.0,0.0,10.05,153.07,0.0,0.0,-0.05000000000000071,142.88
2023-01-20,16.9167,25400.0,0.0,17.0,143.5,0.0,0.0,-0.08330000000000126,78.02
2025-09-30,12.0833,13550.0,0.0,12.25,185.32,0.0,6.080000000000028,-0.1667000000000005,214.99
2022-06-01,17.75,28000.0,0.0,17.75,154.686,0.0,1.400000000000043,0.0,152.32
2022-11-12,10.75,11300.0,3.9,10.75,25.63,6.4,38.40000000000004,0.0,52.61
2022-10-29,10.5833,11100.0,0.0,10.75,137.35,0.0,16.50000000000004,-0.1667000000000005,134.79
2025-04-14,19.2917,32900.0,0.0,19.375,101.58,0.0,21.50000000000003,-0.08330000000000126,107.15
2023-11-06,19.0,32100.0,4.2,17.25,33.44,145.6,265.1,1.75,35.25
2022-05-19,18.75,31125.0,1.7,18.75,161.07,7.6,9.400000000000043,0.0,159.64
2024-07-05,10.25,10500.0,0.0,10.4583,195.95,0.0,0.0,-0.2082999999999995,193.83
2024-12-10,17.9167,28400.0,3.1,17.9167,142.32,3.100000000000014,3.100000000000029,0.0,127.4
2025-12-16,20.125,36656.5,1.5,19.75,48.8,47.00000000000003,97.20000000000003,0.375,74.0
2022-01-29,19.3333,33000.0,5.0,19.4167,165.65,9.0,9.000000000000028,-0.08339999999999748,176.44
2024-05-04,13.4167,16200.0,0.0,13.4167,35.618,6.0,9.000000000000028,0.0,22.914
2022-04-10,19.5417,33850.0,5.2,18.9167,118.82,95.2,187.8000000000001,0.625,120.85
2024-06-09,13.875,16850.0,0.0,13.9167,140.2875,2.0,5.020000000000028,-0.04170000000000051,137.64
2022-02-13,18.4167,30200.0,7.0,18.4167,138.7311111111111,22.5,28.00000000000003,0.0,135.7766666666666
2023-11-02,14.25,17500.0,2.8,14.1667,110.47,13.5,61.20000000000002,0.08329999999999949,129.68
2023-02-17,19.9167,35750.0,0.0,19.9167,36.2,0.0,0.0,0.0,38.51324324324325
2025-10-30,8.4583,8350.0,0.0,8.5833,114.66,12.20000000000002,33.20000000000002,-0.125,163.62
2022-01-12,20.0,36250.0,0.0,20.3333,133.3,0.0,8.30000000000003,-0.3333000000000013,130.972
2024-01-31,20.1667,36792.0,1.0,20.25,158.43,5.0,5.000000000000028,-0.08330000000000126,50.32
2023-06-14,14.25,17500.0,0.0,14.5833,196.47,0.0,0.0,-0.3332999999999995,193.76
2023-06-19,13.5,16400.0,0.0,13.5,78.37,2.4,2.400000000000043,0.0,78.37
2022-02-08,18.75,31125.0,0.0,18.8333,157.17,0.0,0.0,-0.08330000000000126,156.79
2023-06-02,15.9167,22000.0,0.0,15.9167,62.86,0.0,21.50000000000004,0.0,85.8
2025-10-10,10.0,10200.0,0.0,10.2083,192.8,1.000000000000028,36.00000000000003,-0.2082999999999995,190.62
2023-01-03,15.9167,32000.0,0.0,16.0,138.77,0.0,4.000000000000043,-0.08329999999999949,138.37
2024-03-25,17.5833,27500.0,0.0,17.7083,189.5,0.0,0.0,-0.125,188.74
2024-07-09,10.05,10250.0,0.0,10.1,163.26,0.0,0.0,-0.04999999999999893,153.07
2024-05-23,14.5,18000.0,12.0,14.5,10.63,15.2,142.4,0.0,10.65333333333333
2025-05-16,20.5417,38010.5,0.0,20.5417,197.64,2.000000000000028,2.000000000000028,0.0,197.64
2021-03-26,18.3333,30000.0,0.0,18.4167,160.71,0.0,0.0,-0.08339999999999748,160.3
2024-11-29,17.0,25500.0,4.0,15.5,96.85,30.80000000000001,230.6600000000001,1.5,102.35
2023-02-03,18.25,28850.0,0.0,17.5833,153.5872727272727,38.8,38.80000000000004,0.6666999999999987,150.3945454545455
2022-03-16,18.9167,32000.0,0.0,18.9167,6.1,0.0,0.0,0.0,6.1
2022-02-22,19.125,32500.0,0.0,19.125,82.95333333333332,0.0,3.500000000000028,0.0,47.58666666666666
2024-04-09,15.375,20550.0,24.5,15.5,126.09,24.5,28.50000000000003,-0.125,130.64
2023-01-24,17.0,25500.0,0.0,16.9167,99.83375,50.0,53.00000000000004,0.08330000000000126,107.105
2023-04-01,19.0,32100.0,0.0,19.1667,185.59,2.5,9.200000000000042,-0.1666999999999987,191.42
2023-07-16,9.6667,9800.0,0.0,9.9167,176.35,0.0,0.0,-0.25,86.42
2024-03-24,17.7083,27925.0,0.0,17.7917,179.37,0.0,0.0,-0.08339999999999748,189.5
2022-07-08,13.0,15400.0,0.0,13.1667,155.78,0.0,0.0,-0.1667000000000005,55.89
2023-04-26,17.4167,26750.0,5.5,17.5,166.96,5.5,5.500000000000043,-0.08330000000000126,166.51
2024-05-09,12.7917,14950.0,1.5,13.0833,184.97,33.5,36.50000000000003,-0.291599999999999,198.69
2022-11-01,10.1667,10400.0,21.2,10.25,137.05,21.2,21.20000000000004,-0.08329999999999949,132.71
2024-02-06,20.0833,36521.0,0.0,20.125,146.13,0.0,1.000000000000028,-0.04169999999999874,157.52
2025-11-02,7.6667,7500.0,0.0,7.9167,174.15,0.0,12.20000000000001,-0.25,169.58
2023-05-02,17.25,26000.0,0.0,17.0833,122.7838461538461,26.6,36.70000000000005,0.1666999999999987,122.9807692307692
2025-12-22,20.0833,36385.5,0.0,20.5,98.58000000000001,0.0,39.40000000000003,-0.4166999999999987,97.47999999999999
2024-03-20,18.2083,28800.0,0.0,18.375,147.02,0.0,0.0,-0.1666999999999987,148.65
2024-05-03,13.4167,16200.0,3.0,13.4167,48.322,9.0,9.000000000000028,0.0,35.618
2022-07-02,14.0833,17250.0,0.0,14.1667,148.41,0.0,0.0,-0.08340000000000103,157.0
2024-06-27,11.2917,12250.0,0.0,11.2917,173.156,0.0,0.0,0.0,168.282
2025-10-05,11.0833,11700.0,0.0,11.2083,205.7,35.08000000000003,35.08000000000003,-0.125,209.83
2022-06-19,15.6667,21400.0,0.0,15.6667,87.155,0.0,6.000000000000043,0.0,112.01
2022-11-26,10.5,10800.0,0.0,10.5,52.842,0.0,0.0,0.0,53.744
2024-05-30,14.9167,19300.0,0.0,14.9167,10.79,0.0,28.96000000000003,0.0,153.14
2025-07-15,15.2083,19925.0,0.0,15.2083,170.862,0.0,0.0,0.0,171.524
2022-03-07,18.9167,32000.0,0.0,18.9167,6.11,0.0,5.200000000000029,0.0,6.1075
2025-10-21,8.9583,8950.0,1.0,8.5417,109.8,15.40000000000003,153.7,0.416599999999999,70.56
2024-02-03,20.1667,36792.0,0.0,20.1667,88.644,0.0,5.000000000000028,0.0,107.806
2023-11-09,20.25,37062.0,15.5,20.1667,128.71,15.5,267.1,0.08330000000000126,128.99
2022-04-06,18.5833,30500.0,50.0,18.4167,177.57,50.0,134.2,0.1666000000000025,172.98
2022-04-24,20.0,36250.0,0.0,19.9583,145.31,149.0,156.2,0.04169999999999874,145.64
2024-02-15,19.4167,33500.0,0.0,19.4583,124.058,0.0,0.0,-0.04160000000000252,133.354
2022-03-25,19.0833,32400.0,0.5,19.0833,65.79333333333334,25.3,25.30000000000003,0.0,77.73
2024-01-23,20.6667,38416.0,0.0,20.6667,90.80666666666667,0.0,4.500000000000028,0.0,120.3433333333333
2022-03-22,19.0833,32400.0,0.0,19.0833,29.98333333333333,0.0,1.000000000000028,0.0,41.92
2024-12-08,18.0,28500.0,0.0,18.0,142.68,0.0,0.0,0.0,142.68
2025-10-11,9.6667,9800.0,0.0,10.0,190.62,0.0,6.000000000000028,-0.3332999999999995,186.24
2025-10-22,8.9167,8900.0,21.1,8.9583,70.56,32.30000000000003,146.4,-0.04159999999999897,47.39
2024-04-30,13.5,16400.0,0.0,13.75,121.8,0.0,0.0,-0.25,73.73
2024-05-05,13.375,16100.0,0.0,13.4167,22.914,3.0,9.000000000000028,-0.04170000000000051,10.21
2022-03-27,19.0833,32250.0,0.0,19.0833,77.73,2.2,27.00000000000003,0.0,117.73
2021-03-19,19.1667,32600.0,0.0,19.2917,130.61,0.0,0.0,-0.125,175.59
2025-07-13,15.3333,20450.0,0.0,15.5,185.7,0.0,0.0,-0.1667000000000005,170.2
2022-01-31,19.1667,32600.0,0.0,19.25,176.01,5.0,9.000000000000028,-0.08330000000000126,141.88
2022-01-30,19.25,32800.0,0.0,19.3333,176.44,9.0,9.000000000000028,-0.08330000000000126,176.01
2023-04-19,17.9167,28400.0,0.0,18.0,137.1,0.0,0.0,-0.08330000000000126,136.62
2022-06-23,15.3333,20450.0,0.0,15.4583,165.85,0.0,0.0,-0.125,174.61
2025-07-08,16.25,22350.0,0.0,16.25,159.85,0.0,0.0,0.0,180.73
2024-04-24,14.5,18000.0,0.0,14.5,75.68,0.0,0.0,0.0,73.73
2025-02-23,19.8333,35250.0,0.0,19.9583,88.64,0.0,0.0,-0.125,88.33
2024-01-25,20.6667,38416.0,0.0,20.6667,149.88,0.0,1.000000000000028,0.0,161.97
2022-07-04,13.75,16700.0,0.0,13.9167,160.37,0.0,0.0,-0.1667000000000005,168.82
2025-04-24,18.875,31750.0,0.0,18.7917,122.75,0.0,26.50000000000003,0.08330000000000126,139.7
2025-02-12,20.5833,38146.0,0.0,20.625,168.51,0.0,0.0,-0.04169999999999874,191.04
2022-07-03,13.9167,16900.0,0.0,14.0833,157.0,0.0,0.0,-0.166599999999999,160.37
2024-07-04,10.4583,10750.0,0.0,10.6667,199.08,0.0,0.0,-0.208400000000001,195.95
2025-06-27,17.25,26000.0,0.0,17.375,177.38,0.0,0.0,-0.125,168.995
2024-07-11,9.8333,10000.0,0.0,10.0,142.88,0.0,0.0,-0.1667000000000005,47.16
2022-12-05,9.6667,9800.0,0.0,9.8333,126.29,2.0,2.000000000000043,-0.166599999999999,57.19
2024-04-11,15.1667,19850.0,15.0,15.1667,133.67,45.9,45.90000000000003,0.0,136.7
2023-04-25,17.5,27000.0,0.0,17.6667,140.87,0.0,0.0,-0.1666999999999987,166.96
2024-06-25,11.375,12350.0,0.0,11.625,202.98,0.0,0.0,-0.25,178.03
2021-03-23,18.6667,30750.0,0.0,18.8333,173.66,0.0,0.0,-0.1666000000000025,173.04
2021-02-25,20.0,36250.0,0.0,20.0,32.59105263157895,0.0,2.0,0.0,36.75157894736842
2023-05-28,16.5,23500.0,0.0,16.6667,183.11,0.0,0.0,-0.1666999999999987,182.07
2022-12-04,9.8333,10000.0,0.0,9.8333,145.93,2.0,2.000000000000043,0.0,126.29
2024-06-24,11.625,12700.0,0.0,11.875,205.77,0.0,2.600000000000029,-0.25,202.98
2023-07-27,8.6667,8600.0,0.0,8.6667,115.9337837837838,0.0,0.0,0.0,112.9556756756757
2023-05-31,16.0,22250.0,0.0,16.0833,159.63,21.5,21.50000000000004,-0.08330000000000126,149.1
2022-10-31,10.25,10500.0,0.0,10.4167,138.43,0.0,0.0,-0.1667000000000005,137.05
2025-10-08,10.4167,10700.0,1.0,10.6667,205.54,6.000000000000028,41.08000000000003,-0.25,197.95
2024-06-12,13.375,16100.0,0.0,13.5833,171.41,0.0,3.000000000000028,-0.2082999999999995,178.05
2023-09-01,7.75,7600.0,0.0,7.8333,11.63,0.0,0.0,-0.08330000000000037,13.2241935483871
2023-04-14,18.5,30300.0,0.0,18.5833,116.17,0.0,10.00000000000004,-0.08330000000000126,115.89
2025-07-12,15.5,21000.0,0.0,15.7083,206.11,0.0,0.0,-0.2082999999999995,185.7
2021-03-17,19.4167,33500.0,0.0,19.5,125.55,0.0,0.0,-0.08330000000000126,125.26
2022-11-27,10.5,10800.0,0.0,10.5,53.744,0.0,0.0,0.0,54.646
2021-03-30,17.875,28300.0,0.9,17.9167,158.28,0.9,0.9,-0.04169999999999874,141.95
2023-05-24,17.0833,25700.0,0.0,17.0833,139.686,0.0,0.0,0.0,143.89
2022-10-30,10.4167,10700.0,0.0,10.5833,134.79,0.0,0.0,-0.166599999999999,138.43
2025-04-23,18.7917,31312.5,0.0,18.75,113.1266666666667,26.50000000000001,26.50000000000003,0.04169999999999874,122.75
2025-06-25,17.5417,27250.0,0.0,17.7083,220.9,0.0,0.0,-0.1666000000000025,188.86
2025-12-13,20.3333,37333.0,3.9,20.3333,36.9,32.20000000000003,64.20000000000003,0.0,36.9
2024-04-02,16.3333,22400.0,0.0,16.5,171.85,3.2,3.200000000000029,-0.1666999999999987,170.87
2023-04-30,17.0833,25700.0,16.6,17.1667,122.39,21.2,26.70000000000005,-0.08339999999999748,122.5869230769231
2025-06-05,19.6667,34250.0,0.0,19.8333,198.66,0.0,0.0,-0.1666000000000025,200.43
2022-08-28,11.5,12500.0,0.0,11.5,61.34777777777777,1.299999999999998,1.300000000000039,0.0,60.56222222222222
2022-11-15,11.1667,12000.0,0.0,11.0,25.97,44.0,50.40000000000004,0.1667000000000005,26.2
2022-03-26,19.0833,32400.0,1.7,19.0833,77.73,2.2,27.00000000000003,0.0,77.73
2023-11-04,15.6667,21400.0,65.0,14.3333,130.1,173.8,192.5,1.333400000000001,54.08
2023-06-25,13.0833,15550.0,0.0,13.1667,194.68,0.0,0.0,-0.08340000000000103,152.04
2024-05-16,13.4167,16200.0,0.0,12.8333,93.92666666666668,99.5,210.3,0.583400000000001,80.03888888888889
2023-01-23,16.9167,25400.0,50.0,16.9167,92.5625,53.0,53.00000000000004,0.0,99.83375
2022-07-10,12.875,15100.0,0.0,13.0,46.93,0.0,0.0,-0.125,46.57
2025-04-26,18.9583,32050.0,1.0,18.8333,162.12,4.200000000000014,30.70000000000003,0.125,180.02
2023-09-03,7.75,7600.0,0.0,7.75,14.8183870967742,0.0,0.0,0.0,16.41258064516129
2022-06-09,16.5,23500.0,0.0,16.6667,147.12,0.0,0.0,-0.1666999999999987,69.32
2022-03-08,18.9167,32000.0,0.0,18.9167,6.1075,0.0,5.200000000000029,0.0,6.105
2024-03-30,16.8333,25200.0,0.0,17.0833,195.53,0.0,0.0,-0.25,173.79
2024-05-07,13.1667,15600.0,16.0,13.375,152.82,16.0,25.00000000000003,-0.2082999999999995,133.33
2023-01-16,17.4167,26750.0,0.0,17.5,161.72,0.0,0.0,-0.08330000000000126,161.29
2022-03-01,19.0833,32400.0,0.0,19.125,6.067500000000001,0.0,2.000000000000028,-0.04169999999999874,6.11
2024-05-25,14.6667,18600.0,20.6,14.625,10.67666666666667,39.66,100.56,0.04170000000000051,10.7
2022-07-14,12.25,13800.0,0.0,12.4167,174.63,0.0,0.0,-0.1667000000000005,173.18
2023-01-10,17.25,26000.0,0.0,17.0,119.36,0.0,64.20000000000005,0.25,123.22
2025-02-10,20.625,38281.0,0.0,20.625,161.175,0.0,0.0,0.0,164.8425
2024-05-12,12.0833,13600.0,13.4,12.2917,193.81,110.8,144.3,-0.208400000000001,135.59
2022-11-14,11.0,11600.0,11.0,10.9167,53.05,47.9,73.80000000000004,0.08329999999999949,25.97
2022-03-21,19.0833,32400.0,0.0,19.0833,18.04666666666667,0.0,1.000000000000028,0.0,29.98333333333333
2025-06-16,18.3333,30000.0,0.0,18.3333,92.64,9.600000000000028,9.600000000000028,0.0,108.1975
2022-05-04,19.9583,36000.0,0.0,20.0,151.41,0.0,46.50000000000004,-0.04169999999999874,151.16
2022-05-12,19.4167,33500.0,0.0,19.5,160.37,0.0,0.0,-0.08330000000000126,177.21
2025-05-17,20.5,37875.0,55.0,20.5417,197.64,57.00000000000003,57.00000000000003,-0.04169999999999874,197.43
2023-01-31,17.75,28000.0,0.0,17.7917,167.91,0.0,0.0,-0.04169999999999874,167.68
2022-11-16,11.1667,12000.0,0.0,11.1667,26.2,11.0,50.40000000000004,0.0,46.98
2021-02-22,20.0,36250.0,0.0,20.0833,61.13,0.0,2.0,-0.08330000000000126,24.27
2025-12-23,19.7083,34500.0,0.0,20.0833,97.47999999999999,0.0,37.90000000000003,-0.375,126.46
2024-11-15,8.3333,8250.0,4.08,8.4167,131.32,17.58,22.11000000000003,-0.08340000000000103,125.425
2025-07-05,16.2917,22375.0,0.0,16.2917,97.21,0.0,0.0,0.0,118.09
2023-07-02,12.25,13800.0,0.0,12.4167,176.54,0.0,0.0,-0.1667000000000005,193.81
2024-04-06,15.7917,21625.0,0.0,15.9167,158.54,4.0,7.200000000000029,-0.125,142.91
2025-06-04,19.8333,35250.0,0.0,19.9583,199.36,0.0,0.0,-0.125,198.66
2023-01-17,17.25,26000.0,0.0,17.4167,161.29,0.0,0.0,-0.1666999999999987,175.91
2025-03-30,20.125,36656.5,0.0,20.2083,194.47,0.0,0.0,-0.08330000000000126,194.19
2022-05-03,20.0,36250.0,0.0,20.0,79.67,0.0,46.50000000000004,0.0,151.41
2022-11-06,10.4167,10700.0,8.6,10.5,49.13,18.6,49.40000000000004,-0.08329999999999949,100.59
2024-11-11,8.9583,8950.0,0.0,8.9583,146.17,4.529999999999999,34.55000000000003,0.0,82.17
2024-05-27,14.875,19250.0,0.0,14.8333,10.76,21.9,44.16000000000003,0.04170000000000051,10.78
2024-02-17,19.3333,33000.0,0.0,19.4167,142.65,0.0,0.0,-0.08339999999999748,142.32
2023-01-13,17.5,27000.0,0.0,17.5,130.94,0.0,42.20000000000005,0.0,134.8
2023-04-08,19.1667,32600.0,2.0,19.25,159.36,5.5,29.70000000000004,-0.08330000000000126,186.87
2025-11-25,7.0833,6950.0,55.0,6.5,6.49,93.20000000000002,109.8,0.5833000000000004,6.83
2022-05-31,17.75,28000.0,0.0,17.75,157.052,1.4,1.400000000000043,0.0,154.686
2024-11-22,7.4167,7300.0,39.4,7.5417,120.76,69.4,77.70000000000003,-0.125,133.07
2024-05-15,12.8333,15000.0,89.0,12.25,107.8144444444444,99.5,211.8,0.5832999999999995,93.92666666666668
2025-10-03,11.4167,12400.0,5.08,11.5833,210.15,5.080000000000028,5.080000000000028,-0.166599999999999,208.18
2025-04-16,19.125,32500.0,3.0,19.2083,106.76,3.000000000000014,22.50000000000003,-0.08330000000000126,181.53
2023-06-06,15.3333,20450.0,0.0,15.5,199.12,0.0,0.0,-0.1667000000000005,197.86
2023-01-07,15.6667,21400.0,42.2,15.5,170.76,64.2,64.20000000000005,0.1667000000000005,111.64
2024-11-12,8.7083,8650.0,0.0,8.9583,82.17,1.5,34.55000000000003,-0.25,143.44
2023-03-28,19.6667,34250.0,0.0,19.75,145.23,6.7,31.00000000000004,-0.08330000000000126,144.88
2023-08-31,7.8333,7700.0,0.0,7.9167,11.7,0.0,0.0,-0.08339999999999925,11.63
2023-03-31,19.1667,32600.0,2.5,19.3333,153.96,2.5,9.200000000000042,-0.1666000000000025,185.59
2024-03-28,17.1667,25850.0,0.0,17.25,196.89,0.0,0.0,-0.08330000000000126,196.34
2022-02-03,19.0833,32400.0,0.0,19.0833,141.58,0.0,9.000000000000028,0.0,141.43
2023-05-17,17.4167,26750.0,0.0,17.5,161.96,0.0,0.0,-0.08330000000000126,161.29
2023-06-08,15.0,19500.0,0.0,15.1667,187.46,0.0,0.0,-0.1667000000000005,148.67
2024-06-04,14.1667,17400.0,0.0,14.3333,186.46,2.02,2.020000000000028,-0.166599999999999,162.66
2022-12-09,9.9167,10100.0,4.0,9.5833,66.25444444444445,39.0,41.00000000000004,0.333400000000001,69.27592592592592
2022-07-21,11.8333,13000.0,2.3,11.8333,75.86685714285714,23.8,29.20000000000004,0.0,75.52914285714286
2025-12-31,19.4583,33650.0,13.5,19.4583,12.68,13.50000000000003,13.50000000000003,0.0,70.42
2025-06-06,19.5,33800.0,0.0,19.6667,200.43,0.0,0.0,-0.1666999999999987,177.62
2022-04-09,18.9167,32000.0,38.0,18.7917,163.27,132.6,266.8000000000001,0.125,118.82
2022-02-20,19.0833,32400.0,0.0,19.0,118.05,3.5,3.500000000000028,0.08330000000000126,118.32
2024-12-31,20.6667,38416.0,48.0,20.4583,135.716,68.50000000000001,76.60000000000002,0.2083999999999975,123.842
2025-06-30,16.9583,25450.0,0.0,17.125,186.16,0.0,0.0,-0.1666999999999987,195.26
2022-04-02,18.5,30300.0,0.0,18.4167,182.98,0.0,43.80000000000003,0.08330000000000126,183.43
2024-01-24,20.6667,38416.0,0.0,20.6667,120.3433333333333,0.0,1.000000000000028,0.0,149.88
2024-07-03,10.6667,11200.0,0.0,10.875,184.14,0.0,0.0,-0.2082999999999995,199.08
2025-09-24,13.3333,16000.0,3.08,13.4167,70.25,3.080000000000028,3.080000000000028,-0.08340000000000103,113.38
2024-11-28,15.5,21000.0,6.8,12.1667,91.35,103.8,266.06,3.333299999999999,96.85
2024-11-20,7.6667,7500.0,4.5,7.7917,109.23,12.8,16.88000000000003,-0.125,108.45
2022-07-05,13.5417,16450.0,0.0,13.75,168.82,0.0,0.0,-0.2082999999999995,175.54
2023-02-21,19.8333,35250.0,0.0,19.8333,45.45297297297297,0.0,12.00000000000004,0.0,47.76621621621622
2025-06-08,19.3333,33000.0,0.0,19.3333,142.32,0.0,0.0,0.0,147.695
2022-02-14,18.9167,32000.0,0.0,18.4167,135.7766666666666,22.0,28.00000000000003,0.5,132.8222222222222
2025-11-19,5.8333,5850.0,0.0,5.8333,6.69,26.20000000000002,40.10000000000002,0.0,6.69
2022-06-05,17.0833,25700.0,0.0,17.25,171.22,0.0,0.0,-0.1666999999999987,180.59
2022-05-11,19.5,33800.0,0.0,19.5833,155.03,0.0,0.0,-0.08330000000000126,160.37
2025-04-11,19.5,33800.0,0.0,19.5417,143.48,19.50000000000001,75.50000000000003,-0.04169999999999874,142.98
2025-07-02,16.5833,24000.0,0.0,16.7917,208.47,0.0,0.0,-0.2083999999999975,202.93
2022-07-11,12.75,14900.0,0.0,12.875,46.57,0.0,0.0,-0.125,152.34
2024-06-22,12.125,13650.0,0.0,12.3333,203.49,0.0,5.600000000000028,-0.2082999999999995,208.51
2022-02-07,18.8333,31500.0,0.0,19.0,140.98,0.0,0.0,-0.1666999999999987,157.17
2025-04-15,19.2083,32700.0,0.0,19.2917,107.15,0.0,19.50000000000003,-0.08339999999999748,106.76
2024-01-27,20.5417,38010.5,0.0,20.625,76.31,0.0,0.0,-0.08330000000000126,160.48
2025-12-21,20.5,37875.0,0.0,20.875,75.67,0.0,84.90000000000003,-0.375,98.58000000000001
2024-04-19,14.625,18425.0,0.0,14.8333,165.65,0.0,0.0,-0.2082999999999995,179.02
2023-04-11,18.75,31125.0,0.0,18.9167,185.51,8.0,13.50000000000004,-0.1666999999999987,184.6
2023-05-21,17.0833,25700.0,0.0,17.0833,127.074,0.0,0.0,0.0,131.278
2025-10-17,9.0833,9050.0,90.2,9.25,135.99,131.8,155.6,-0.1667000000000005,133.61
2022-05-29,17.75,28000.0,1.4,17.75,161.784,1.4,1.400000000000043,0.0,159.418
2023-06-07,15.1667,19850.0,0.0,15.3333,197.86,0.0,0.0,-0.166599999999999,187.46
2025-04-19,18.7917,31312.5,0.0,18.9167,180.43,0.0,3.000000000000028,-0.125,179.89
2022-05-28,17.75,28000.0,0.0,17.9167,164.15,0.0,0.0,-0.1666999999999987,161.784
2023-07-06,11.25,12200.0,0.0,11.5,194.23,0.0,0.0,-0.25,138.17
2023-01-02,16.0,22250.0,0.0,16.0,138.77,0.0,4.000000000000043,0.0,138.77
2023-04-10,18.9167,32000.0,0.0,19.0,186.19,10.0,33.00000000000004,-0.08330000000000126,185.51
2021-03-27,18.2083,28800.0,0.0,18.3333,160.3,0.0,0.0,-0.125,159.7
2022-06-28,14.4167,17800.0,0.0,14.5833,160.6,0.0,0.0,-0.166599999999999,135.81
2025-11-06,7.0,6900.0,8.7,7.1667,160.04,8.70000000000002,8.700000000000014,-0.1666999999999996,81.48
2023-04-02,18.8333,31750.0,4.7,19.0,191.42,7.2,7.200000000000043,-0.1666999999999987,196.12
2023-06-27,12.6667,14700.0,0.0,12.8333,149.83,0.0,0.0,-0.166599999999999,93.13
2025-10-24,8.75,8700.0,21.0,8.8333,98.49000000000001,75.40000000000002,97.30000000000001,-0.08329999999999949,97.93
2021-03-20,19.0833,32400.0,0.0,19.1667,175.59,0.0,0.0,-0.08339999999999748,175.18
2023-07-14,10.1667,10450.0,0.0,10.5,102.23,0.0,0.0,-0.3332999999999995,197.76
2023-07-15,9.9167,10100.0,0.0,10.1667,197.76,0.0,0.0,-0.25,176.35
2023-03-26,19.75,34750.0,6.7,19.75,121.79,6.7,31.00000000000004,0.0,121.79
2023-05-22,17.0833,25700.0,0.0,17.0833,131.278,0.0,0.0,0.0,135.482
2022-01-13,20.0,36250.0,0.0,20.0,130.972,0.0,8.30000000000003,0.0,128.644
2024-12-29,20.5417,38010.5,0.0,20.625,149.72,8.100000000000014,8.100000000000028,-0.08330000000000126,147.59
2022-06-25,15.0,19500.0,0.0,15.1667,164.05,0.0,0.0,-0.1667000000000005,172.42
2024-05-14,12.25,13800.0,10.5,12.0833,121.7022222222222,23.9,138.8,0.1667000000000005,107.8144444444444
2022-01-26,19.5833,33900.0,0.0,19.5833,84.91499999999999,0.0,0.0,0.0,108.69
2022-07-01,14.1667,17400.0,0.0,14.2917,30.14,0.0,0.0,-0.125,148.41
2022-11-23,10.6667,11200.0,0.0,10.8333,125.79,0.0,0.0,-0.166599999999999,124.6
2023-02-15,19.9167,36000.0,0.0,20.0,133.3,0.0,0.0,-0.08330000000000126,59.79
2025-10-01,11.7917,12950.0,0.0,12.0833,214.99,0.0,3.000000000000028,-0.291599999999999,212.1
2023-07-23,9.0,9000.0,0.0,9.25,140.04,0.0,0.0,-0.25,123.74
2025-05-27,20.375,37468.5,0.0,20.5,184.93,1.200000000000028,2.200000000000029,-0.125,125.56
2023-01-11,17.5,27000.0,0.0,17.25,123.22,0.0,64.20000000000005,0.25,127.08
2024-02-23,18.9167,32000.0,0.0,18.9167,127.1651851851852,0.0,0.0,0.0,125.9477777777778
2025-06-07,19.3333,33000.0,0.0,19.5,177.62,0.0,0.0,-0.1666999999999987,142.32
2025-06-23,17.875,28300.0,0.0,18.0,222.97,0.0,0.0,-0.125,222.09
2022-06-10,16.5,23500.0,0.0,16.5,69.32,0.0,0.0,0.0,105.14
2022-05-13,19.2917,32700.0,0.0,19.4167,177.21,0.0,0.0,-0.125,182.18
2024-01-30,20.25,37062.0,4.0,20.3333,159.54,4.0,4.000000000000028,-0.08330000000000126,158.43
2024-11-16,8.1667,8100.0,0.0,8.3333,125.425,4.08,19.08000000000003,-0.166599999999999,119.53
2023-05-01,17.0833,25700.0,10.0,17.0833,122.5869230769231,31.2,36.70000000000005,0.0,122.7838461538461
2023-11-03,14.3333,17600.0,106.0,14.25,129.68,119.5,150.2,0.08329999999999949,130.1
2023-01-29,17.8333,28200.0,0.0,17.8333,136.19,0.0,50.00000000000004,0.0,152.29
2022-04-23,19.9583,36000.0,24.0,19.8333,144.97,156.2,156.2,0.125,145.31
2024-05-08,13.0833,15450.0,16.0,13.1667,133.33,32.0,38.00000000000003,-0.08340000000000103,184.97
2022-06-29,14.3333,17600.0,0.0,14.4167,135.81,0.0,0.0,-0.08340000000000103,30.19
2023-05-27,16.6667,24500.0,0.0,16.8333,173.51,0.0,0.0,-0.1666000000000025,183.11
2025-05-11,20.6667,38416.0,0.0,20.6667,175.038,6.800000000000028,8.900000000000029,0.0,168.686
2021-03-25,18.4167,30200.0,0.0,18.5417,172.41,0.0,0.0,-0.125,160.71
2022-05-14,19.1667,32600.0,1.4,19.2917,182.18,1.4,1.400000000000043,-0.125,181.52
2023-04-12,18.6667,30750.0,0.0,18.75,184.6,0.0,13.50000000000004,-0.08330000000000126,173.26
2022-12-03,9.8333,10000.0,2.0,10.0,137.55,2.0,2.000000000000043,-0.1667000000000005,145.93
2025-11-08,6.9167,6800.0,0.0,6.9167,7.3,9.70000000000002,9.700000000000014,0.0,72.81499999999998
2025-11-17,5.8333,5850.0,5.0,6.0,125.33,15.50000000000002,25.40000000000001,-0.1666999999999996,6.69
2022-07-16,11.9167,13250.0,0.0,12.0833,171.74,0.0,0.0,-0.166599999999999,77.19
2022-05-02,20.0,36250.0,0.0,20.0833,122.24,0.0,46.50000000000004,-0.08330000000000126,79.67
2024-05-10,12.5417,14500.0,48.7,12.7917,198.69,66.2,82.20000000000003,-0.25,196.26
2022-07-06,13.3333,16000.0,0.0,13.5417,175.54,0.0,0.0,-0.208400000000001,174.12
2023-02-18,19.9167,35750.0,12.0,19.9167,38.51324324324325,12.0,12.00000000000004,0.0,40.82648648648649
2025-07-04,16.2917,22375.0,0.0,16.4167,191.91,0.0,0.0,-0.125,97.21
2025-12-24,19.7083,34500.0,0.0,19.7083,126.46,0.0,21.60000000000003,0.0,126.46
2025-04-20,18.6667,30750.0,0.0,18.7917,179.89,0.0,3.000000000000028,-0.125,93.88
2024-07-12,9.8083,9900.0,0.0,9.8333,47.16,0.0,0.0,-0.02500000000000036,47.65644628099173
2024-06-23,11.875,13125.0,0.0,12.125,208.51,0.0,5.600000000000028,-0.25,205.77
2024-04-29,13.75,16700.0,0.0,13.9167,169.87,0.0,0.0,-0.1667000000000005,121.8
2025-12-14,19.875,35500.0,0.0,20.3333,36.9,3.900000000000028,64.20000000000003,-0.4583000000000013,48.94
2022-02-02,19.0833,32400.0,0.0,19.0833,141.73,0.0,9.000000000000028,0.0,141.58
2025-10-02,11.5833,12600.0,0.0,11.7917,212.1,0.0,0.0,-0.208400000000001,210.15
2022-06-13,16.3333,22450.0,0.0,16.4167,150.98,0.0,0.0,-0.08339999999999748,181.26
2025-02-13,20.5,37875.5,0.0,20.5833,191.04,0.0,0.0,-0.08330000000000126,190.74
2022-06-27,14.5833,18250.0,0.0,14.8333,176.2,0.0,0.0,-0.25,160.6
2021-03-24,18.5417,30400.0,0.0,18.6667,173.04,0.0,0.0,-0.125,172.41
2024-04-23,14.5,18000.0,0.0,14.5,77.63,0.0,0.0,0.0,75.68
2022-02-05,19.0833,32400.0,0.0,19.0833,141.28,0.0,0.0,0.0,141.13
2025-11-23,6.0,6000.0,21.2,5.9167,6.12,24.40000000000002,64.00000000000001,0.08330000000000037,6.17
2024-04-27,14.0833,17250.0,0.0,14.25,171.52,0.0,0.0,-0.1667000000000005,170.34
2024-07-13,9.783299999999999,9900.0,0.0,9.8083,47.65644628099173,0.0,0.0,-0.02500000000000036,48.15289256198347
2024-03-23,17.7917,28100.0,0.0,17.875,179.84,0.0,0.0,-0.08330000000000126,179.37
2023-01-22,16.9167,25400.0,0.0,16.9167,85.29124999999999,3.0,3.000000000000043,0.0,92.5625
2025-11-05,7.1667,7000.0,0.0,7.3333,163.29,0.0,0.0,-0.1666000000000007,160.04
2022-11-03,10.0833,10300.0,2.0,10.0833,124.04,30.8,30.80000000000004,0.0,47.91
2022-01-14,20.0,36250.0,0.0,20.0,128.644,0.0,1.000000000000028,0.0,126.316
2025-12-12,20.3333,37333.0,0.0,19.9167,48.98999999999999,46.30000000000003,60.30000000000003,0.4166000000000025,36.9
2023-11-10,20.5,37875.0,7.6,20.25,128.99,23.1,168.7,0.25,130.28
2023-06-01,15.9167,22000.0,0.0,16.0,149.1,0.0,21.50000000000004,-0.08329999999999949,62.86
2022-11-07,10.1667,10400.0,0.0,10.4167,100.59,15.6,49.40000000000004,-0.25,99.17
2022-01-25,19.5833,33900.0,0.0,19.625,61.14,0.0,0.0,-0.04169999999999874,84.91499999999999
2025-11-18,5.8333,5850.0,21.2,5.8333,6.69,26.20000000000002,40.10000000000002,0.0,6.69
2023-06-11,14.9167,19300.0,0.0,14.9167,151.5633333333333,0.0,0.0,0.0,153.01
2024-02-19,19.125,32500.0,0.0,19.2083,153.07,0.0,0.0,-0.08330000000000126,152.71
2025-11-20,5.8333,5850.0,13.4,5.8333,6.69,34.60000000000002,50.10000000000002,0.0,6.69
2025-06-17,18.3333,30000.0,0.0,18.3333,108.1975,1.500000000000028,9.600000000000028,0.0,123.755
2024-12-11,17.875,28300.0,1.0,17.9167,127.4,4.100000000000014,4.100000000000028,-0.04169999999999874,112.48
2022-07-20,11.8333,13000.0,0.0,11.6667,76.20457142857143,26.9,26.90000000000004,0.166599999999999,75.86685714285714
2025-07-19,15.0,19500.0,0.0,15.1667,173.51,0.0,0.0,-0.1667000000000005,172.42
2025-06-28,17.25,26000.0,0.0,17.25,168.995,0.0,0.0,0.0,160.61
2024-04-15,15.1667,19850.0,0.0,15.2083,68.13,0.0,45.90000000000003,-0.04159999999999897,93.42
2025-11-22,5.9167,5900.0,3.2,5.9167,6.12,16.60000000000002,42.80000000000002,0.0,6.12
2025-06-03,19.9583,36000.0,0.0,20.0833,200.02,0.0,0.0,-0.125,199.36
2025-11-21,5.9167,5900.0,0.0,5.8333,6.69,13.40000000000002,50.10000000000002,0.08339999999999925,6.12
2022-06-18,15.6667,21400.0,0.0,15.6667,62.3,6.0,6.000000000000043,0.0,87.155
2025-10-25,8.6667,8600.0,0.0,8.75,97.93,54.30000000000002,90.80000000000001,-0.08329999999999949,46.65
2022-06-08,16.6667,24500.0,0.0,16.75,147.52,0.0,0.0,-0.08330000000000126,147.12
2024-07-08,10.1,10250.0,0.0,10.15,173.45,0.0,0.0,-0.05000000000000071,163.26
2024-11-17,8.0,7900.0,0.0,8.1667,119.53,4.08,17.58000000000003,-0.1667000000000005,117.92
2025-02-22,19.9583,36000.0,0.0,20.0,159.33,0.0,0.0,-0.04169999999999874,88.64
2022-04-21,19.9167,35750.0,7.2,19.9583,168.31,7.2,7.200000000000043,-0.04160000000000252,168.2
2022-11-04,10.5,10800.0,3.0,10.0833,47.91,12.6,33.80000000000004,0.4167000000000005,49.13
2024-07-14,9.7583,9900.0,0.0,9.783299999999999,48.15289256198347,0.0,0.0,-0.02499999999999858,48.6493388429752
2022-04-05,18.4167,30200.0,0.0,18.5,178.0,84.2,120.8,-0.08330000000000126,177.57
2023-07-28,8.6667,8600.0,0.0,8.6667,112.9556756756757,0.0,0.0,0.0,109.9775675675676
2023-07-26,8.6667,8600.0,0.0,8.6667,118.9118918918919,0.0,0.0,0.0,115.9337837837838
2022-05-06,19.75,34750.0,0.0,19.8333,162.14,0.0,0.0,-0.08330000000000126,161.77
2022-02-10,18.5,30300.0,5.5,18.5833,156.03,5.5,5.500000000000028,-0.08330000000000126,144.64
2022-06-07,16.75,25000.0,0.0,16.9167,179.59,0.0,0.0,-0.1666999999999987,147.52
2023-07-10,11.0,11700.0,0.0,11.0833,165.455,0.0,0.0,-0.08329999999999949,174.55
2025-11-01,7.9167,7800.0,0.0,8.1667,169.85,0.0,12.20000000000001,-0.2500000000000009,174.15
2022-09-23,11.0833,11800.0,0.0,11.1667,46.94357142857143,0.0,0.0,-0.08340000000000103,48.87035714285715
2025-06-12,18.75,31125.0,0.0,18.9167,179.8,0.0,0.0,-0.1666999999999987,190.25
2025-02-28,19.5,33800.0,106.0,19.4167,164.2133333333333,140.8,142.8,0.08330000000000126,146.0266666666666
2021-03-16,19.5,33800.0,0.0,19.5833,90.50999999999999,0.0,0.0,-0.08330000000000126,125.55
2025-04-28,20.0,36250.0,58.0,19.1667,164.47,92.4,95.60000000000002,0.8333000000000013,182.49
2022-01-24,19.625,34075.0,0.0,19.7083,109.0,0.0,0.0,-0.08330000000000126,61.14
2024-02-02,20.1667,36792.0,0.0,20.1667,69.482,1.0,5.000000000000028,0.0,88.644
2022-12-01,10.0833,10300.0,0.0,10.25,122.45,0.0,0.0,-0.1667000000000005,128.28
2023-02-20,19.8333,35500.0,0.0,19.8333,43.13972972972973,12.0,12.00000000000004,0.0,45.45297297297297
2025-02-14,20.39585,37604.0,0.0,20.5,190.74,0.0,0.0,-0.1041500000000006,190.33
2024-06-26,11.2917,12250.0,0.0,11.375,178.03,0.0,0.0,-0.08329999999999949,173.156
2024-11-24,7.1667,7000.0,33.0,7.25,145.38,96.2,134.5,-0.08330000000000037,114.64
2024-12-05,18.0,28500.0,0.0,18.0,102.66,0.0,4.000000000000028,0.0,148.07
2022-12-10,10.0833,10300.0,0.0,9.9167,69.27592592592592,37.0,39.00000000000004,0.166599999999999,72.2974074074074
2023-02-14,20.0,36250.0,0.0,20.0,133.3,0.0,0.0,0.0,133.3
2023-07-21,9.4167,9500.0,0.0,9.5833,145.66,0.0,0.0,-0.166599999999999,144.03
2022-06-06,16.9167,25400.0,0.0,17.0833,180.59,0.0,0.0,-0.1666000000000025,179.59
2025-04-13,19.375,33250.0,0.0,19.4583,113.28,0.0,21.50000000000003,-0.08330000000000126,101.58
2025-11-16,6.0,6000.0,0.0,6.1667,138.79,10.50000000000002,20.40000000000001,-0.1666999999999996,125.33
2024-06-05,14.0,17000.0,0.0,14.1667,162.66,2.02,2.020000000000028,-0.1667000000000005,148.23
2024-03-31,16.6667,24500.0,0.0,16.8333,173.79,0.0,0.0,-0.1666000000000025,172.83
2022-06-03,17.5,27000.0,0.0,17.5833,167.4,0.0,1.400000000000043,-0.08330000000000126,166.96
2022-06-02,17.5833,27500.0,0.0,17.75,152.32,0.0,1.400000000000043,-0.1666999999999987,167.4
2024-12-06,18.0,28500.0,0.0,18.0,148.07,0.0,0.0,0.0,131.61
2025-10-20,8.5417,8450.0,10.2,8.7083,130.38,20.90000000000003,152.7,-0.166599999999999,109.8
2025-02-09,20.625,38281.0,0.0,20.625,157.5075,0.0,0.0,0.0,161.175
2023-05-16,17.5,27250.0,0.0,17.5833,162.14,0.0,0.0,-0.08330000000000126,161.96
2024-02-13,19.4583,33650.0,0.0,19.4583,105.466,0.0,0.0,0.0,114.762
2023-04-15,18.4167,30200.0,0.0,18.5,115.89,0.0,8.000000000000043,-0.08330000000000126,115.61
2022-07-12,12.6667,14700.0,0.0,12.75,152.34,0.0,0.0,-0.08329999999999949,151.75
2022-05-10,19.5833,33900.0,0.0,19.5833,156.715,0.0,0.0,0.0,155.03
2025-06-18,18.3333,30000.0,0.0,18.3333,123.755,0.0,9.600000000000028,0.0,139.3125
2024-11-26,9.5,9600.0,77.0,8.0,80.35,176.06,269.26,1.5,85.85
2022-05-30,17.75,28000.0,0.0,17.75,159.418,1.4,1.400000000000043,0.0,157.052
2025-11-12,6.4167,6300.0,0.0,6.5833,150.01,6.500000000000021,24.40000000000001,-0.1666000000000007,146.31
2022-08-22,11.8333,13000.0,0.0,11.8333,65.06,0.0,0.0,0.0,65.06
2024-11-27,12.1667,13700.0,20.0,9.5,85.85,163.06,284.76,2.666700000000001,91.35
2023-01-18,17.0833,25700.0,0.0,17.25,175.91,0.0,0.0,-0.1666999999999987,143.89
2023-02-04,19.0833,32400.0,0.0,18.25,150.3945454545455,19.3,38.80000000000004,0.8333000000000013,147.2018181818182
2023-07-07,11.0833,11800.0,0.0,11.25,138.17,0.0,0.0,-0.1667000000000005,147.265
2022-05-09,19.5833,33900.0,0.0,19.6667,158.4,0.0,0.0,-0.08339999999999748,156.715
2022-07-09,13.0,15400.0,0.0,13.0,55.89,0.0,0.0,0.0,46.93
2022-08-27,11.5,12500.0,0.8,11.5,62.13333333333333,1.299999999999998,1.300000000000039,0.0,61.34777777777777
2023-11-30,20.6667,38416.0,3.7,20.6875,141.69,15.8,15.80000000000003,-0.02080000000000126,166.69
2022-11-24,10.5,10800.0,0.0,10.6667,124.6,0.0,0.0,-0.1667000000000005,51.94
2023-07-22,9.25,9200.0,0.0,9.4167,144.03,0.0,0.0,-0.1667000000000005,140.04
2025-07-16,15.2083,19925.0,0.0,15.2083,171.524,0.0,0.0,0.0,172.186
2022-05-16,18.9167,32000.0,0.4,19.1667,181.52,1.8,1.800000000000042,-0.25,180.22
2023-07-09,11.0833,11800.0,0.0,11.0833,156.36,0.0,0.0,0.0,165.455
2025-04-09,19.5833,33900.0,0.0,19.6667,149.6,2.000000000000014,100.0,-0.08339999999999748,149.26
2025-05-13,20.6667,38416.0,0.0,20.6667,162.334,0.0,6.800000000000029,0.0,155.982
2025-10-04,11.2083,12100.0,30.0,11.4167,208.18,35.08000000000003,35.08000000000003,-0.208400000000001,205.7
2022-10-28,10.75,11300.0,0.0,10.9167,138.65,0.0,18.50000000000004,-0.1667000000000005,137.35
2025-12-06,20.25,37062.0,0.0,20.75,31.64285714285715,0.5000000000000284,19.50000000000003,-0.5,35.12428571428572
2025-02-19,20.0833,36385.5,0.0,20.0833,99.57,0.0,0.0,0.0,119.49
2025-10-09,10.2083,10450.0,0.0,10.4167,197.95,1.000000000000028,41.08000000000003,-0.208400000000001,192.8
2024-12-27,20.6667,38416.0,8.1,20.75,137.66,8.100000000000014,8.100000000000028,-0.08330000000000126,149.88
2025-06-09,19.2083,32700.0,0.0,19.3333,147.695,0.0,0.0,-0.125,153.07
2025-03-31,20.0833,36385.5,4.0,20.125,194.19,4.000000000000014,4.000000000000028,-0.04169999999999874,204.85
2023-06-23,13.25,15875.0,0.0,13.3333,187.18,0.0,2.400000000000043,-0.08329999999999949,186.47
2025-11-24,6.5,6400.0,17.0,6.0,6.17,41.40000000000002,76.00000000000001,0.5,6.49
2024-04-21,14.5,18000.0,0.0,14.5,81.53,0.0,0.0,0.0,79.58
2023-01-06,15.5,21000.0,12.0,15.625,166.33,22.0,22.00000000000004,-0.125,170.76
2025-05-25,20.6667,38416.0,0.0,20.7917,197.39,0.0,10.50000000000003,-0.125,197.39
2024-01-22,20.6667,38416.0,0.0,20.75,61.27,1.0,4.500000000000028,-0.08330000000000126,90.80666666666667
2024-04-08,15.5,21000.0,0.0,15.64585,142.28,0.0,4.000000000000028,-0.1458499999999994,126.09
2022-04-22,19.8333,35250.0,125.0,19.9167,168.2,132.2,132.2,-0.08339999999999748,144.97
2022-11-10,10.5,10800.0,0.0,10.25,48.4,23.4,42.00000000000004,0.25,25.28
2025-07-03,16.4167,22450.0,0.0,16.5833,202.93,0.0,0.0,-0.1666000000000025,191.91
2024-11-25,8.0,7900.0,66.06,7.1667,114.64,122.86,197.26,0.8333000000000004,80.35
2023-06-10,14.9167,19300.0,0.0,14.9167,150.1166666666667,0.0,0.0,0.0,151.5633333333333
2022-11-11,10.75,11300.0,2.5,10.5,25.28,2.5,41.50000000000004,0.25,25.63
2025-04-10,19.5417,33850.0,19.5,19.5833,149.26,21.50000000000001,75.50000000000003,-0.04160000000000252,143.48
2023-04-07,19.25,32800.0,0.0,19.1667,158.99,3.5,27.70000000000004,0.08330000000000126,159.36
2025-02-27,19.4167,33500.0,23.5,19.3333,182.4,36.80000000000001,36.80000000000003,0.08339999999999748,164.2133333333333
2023-07-17,9.6667,9800.0,0.0,9.6667,86.42,0.0,0.0,0.0,101.23
2025-07-26,14.5417,18125.0,0.0,14.5417,100.925,0.0,0.0,0.0,100.41375
2023-05-26,16.8333,25200.0,0.0,17.0,153.95,0.0,0.0,-0.1666999999999987,173.51
2022-12-06,9.5833,9700.0,0.0,9.6667,57.19,0.0,2.000000000000043,-0.08340000000000103,60.21148148148148
2024-12-30,20.4583,37739.5,20.5,20.5417,147.59,20.50000000000001,28.60000000000003,-0.08339999999999748,135.716
2025-02-11,20.625,38281.0,0.0,20.625,164.8425,0.0,0.0,0.0,168.51
2023-01-21,16.9167,25400.0,3.0,16.9167,78.02,3.0,3.000000000000043,0.0,85.29124999999999
2023-06-13,14.5833,18250.0,0.0,14.75,175.36,0.0,0.0,-0.1667000000000005,196.47
2023-06-21,13.5,16400.0,0.0,13.6667,75.63,0.0,2.400000000000043,-0.1667000000000005,180.07
2022-11-02,10.0833,10300.0,7.6,10.1667,132.71,28.8,28.80000000000004,-0.08340000000000103,124.04
2025-11-07,6.9167,6800.0,1.0,7.0,81.48,9.70000000000002,9.700000000000014,-0.08330000000000037,7.3
2025-05-28,20.3333,37333.0,0.0,20.375,125.56,1.200000000000028,1.200000000000028,-0.04169999999999874,131.065
2024-02-22,18.9167,32000.0,0.0,18.9167,128.3825925925926,0.0,0.0,0.0,127.1651851851852
2023-05-15,17.5833,27500.0,0.0,17.6667,162.57,0.0,0.0,-0.08339999999999748,162.14
2024-04-17,15.0,19500.0,0.0,15.0833,118.12,0.0,15.00000000000003,-0.08329999999999949,131.89
2025-02-18,20.0833,36385.5,0.0,20.125,136.17,0.0,0.0,-0.04169999999999874,99.57
2025-12-17,20.6667,38416.0,16.3,20.125,74.0,63.30000000000003,95.50000000000003,0.5416999999999987,75.67
2025-10-18,8.875,8850.0,6.5,9.0833,133.61,109.9,162.1,-0.2082999999999995,132.0
2025-09-28,12.5,14400.0,0.0,12.7083,172.62,0.0,6.080000000000028,-0.2082999999999995,179.84
2024-12-09,17.9167,28400.0,0.0,18.0,142.68,0.0,0.0,-0.08330000000000126,142.32
2025-06-20,18.25,28850.0,0.0,18.3333,154.87,0.0,9.600000000000028,-0.08330000000000126,192.72
2025-02-24,19.6667,34250.0,0.0,19.8333,88.33,0.0,0.0,-0.1666000000000025,184.12
2025-06-13,18.5833,30500.0,0.0,18.75,190.25,0.0,0.0,-0.1666999999999987,205.36
2024-06-11,13.5833,16500.0,0.0,13.75,155.08,0.0,3.000000000000028,-0.1667000000000005,171.41
2024-07-02,10.875,11450.0,0.0,11.0833,163.11,0.0,0.0,-0.2082999999999995,184.14
2022-03-18,19.0833,32250.0,0.0,18.9167,6.1,1.0,1.000000000000028,0.1666000000000025,6.11
2022-11-20,11.1667,12000.0,0.0,11.3333,113.69,0.0,11.00000000000004,-0.166599999999999,120.5
2022-06-15,16.0,22250.0,0.0,16.1667,180.2,0.0,0.0,-0.1666999999999987,179.14
2024-05-06,13.375,16100.0,0.0,13.375,10.21,0.0,9.000000000000028,0.0,152.82
2022-01-23,19.7083,34500.0,0.0,19.7917,109.24,0.0,0.0,-0.08339999999999748,109.0
2024-05-26,14.8333,19200.0,1.3,14.6667,10.7,28.96,48.56000000000003,0.166599999999999,10.76
2022-06-26,14.8333,19200.0,0.0,15.0,172.42,0.0,0.0,-0.1667000000000005,176.2
2025-03-29,20.2083,36927.0,0.0,20.3333,195.17,0.0,0.0,-0.125,194.47
2025-06-22,18.0,28500.0,0.0,18.125,213.48,0.0,0.0,-0.125,222.97
2025-06-14,18.4167,30200.0,8.1,18.5833,205.36,8.100000000000028,8.100000000000028,-0.1666000000000025,193.71
2025-10-31,8.1667,8100.0,0.0,8.4583,163.62,0.0,12.20000000000001,-0.291599999999999,169.85
2022-03-28,18.9583,32050.0,0.0,19.0833,117.73,1.7,27.00000000000003,-0.125,140.315
2024-06-18,12.6667,14700.0,2.6,12.6667,119.1525,5.6,5.600000000000028,0.0,145.175
2022-11-18,11.4167,12400.0,0.0,11.4167,67.75999999999999,0.0,47.90000000000004,0.0,88.53999999999999
2024-06-29,11.2917,12250.0,0.0,11.2917,163.408,0.0,0.0,0.0,158.534
2025-05-14,20.625,38281.0,0.0,20.6667,155.982,0.0,6.800000000000029,-0.04169999999999874,149.63
2024-02-10,19.6667,34250.0,0.0,19.7917,173.92,0.0,0.0,-0.125,183.84
2024-06-08,13.9167,16900.0,1.0,13.9167,142.935,3.0,5.020000000000028,0.0,140.2875
2025-07-09,16.0833,22300.0,0.0,16.25,180.73,0.0,0.0,-0.1666999999999987,208.96
2022-09-22,11.1667,12000.0,0.0,11.1667,45.01678571428572,0.0,0.0,0.0,46.94357142857143
2023-06-29,12.5833,14600.0,0.0,12.5833,116.99,0.0,0.0,0.0,140.85
2023-07-04,11.75,12900.0,0.0,12.0,214.15,0.0,0.0,-0.25,211.26
2025-06-15,18.3333,30000.0,1.5,18.4167,193.71,9.600000000000028,9.600000000000028,-0.08339999999999748,92.64
2022-10-26,11.0833,11800.0,0.0,11.25,113.67,0.0,55.50000000000004,-0.1667000000000005,124.61
2021-02-26,20.0,36250.0,0.0,20.0,36.75157894736842,0.0,0.0,0.0,40.9121052631579
2025-02-21,20.0,36250.0,0.0,20.0,139.41,0.0,0.0,0.0,159.33
2025-07-25,14.5417,18125.0,0.0,14.5833,101.43625,0.0,0.0,-0.04159999999999897,100.925
2024-11-30,17.5833,27500.0,0.0,17.0,102.35,10.80000000000001,206.86,0.5833000000000013,107.85
2024-06-01,14.6667,18600.0,0.0,14.7917,166.74,0.0,1.300000000000028,-0.125,179.87
2025-04-27,19.1667,32600.0,33.4,18.9583,180.02,37.60000000000002,64.10000000000002,0.2083999999999975,164.47
2022-03-31,18.5417,30400.0,0.0,18.6667,173.04,43.8,46.00000000000004,-0.125,172.41
2024-06-28,11.2917,12250.0,0.0,11.2917,168.282,0.0,0.0,0.0,163.408
2023-07-13,10.5,10800.0,0.0,10.5833,197.14,0.0,0.0,-0.08329999999999949,102.23
2024-04-14,15.2083,19925.0,0.0,15.2083,42.84,0.0,45.90000000000003,0.0,68.13
2022-02-04,19.0833,32400.0,0.0,19.0833,141.43,0.0,5.000000000000028,0.0,141.28
2022-01-20,19.9583,36000.0,0.0,20.0,157.16,0.0,0.0,-0.04169999999999874,179.6
2022-08-25,11.5,12500.0,0.0,11.5,63.70444444444444,0.0,0.0,0.0,62.91888888888889
2022-05-21,18.7083,30937.5,0.0,18.7083,158.21,1.7,8.000000000000043,0.0,156.78
2022-01-15,20.0,36250.0,0.0,20.0,126.316,0.0,0.0,0.0,123.988
2025-07-11,15.7083,21450.0,0.0,15.9167,207.7,0.0,0.0,-0.208400000000001,206.11
2022-11-08,10.0,10200.0,23.4,10.1667,99.17,32.0,51.60000000000004,-0.1667000000000005,98.21
2024-04-01,16.5,23500.0,3.2,16.6667,172.83,3.2,3.200000000000029,-0.1666999999999987,171.85
2023-06-15,14.0,17000.0,0.0,14.25,193.76,0.0,0.0,-0.25,191.71
2023-01-30,17.7917,28100.0,0.0,17.8333,152.29,0.0,0.0,-0.04160000000000252,167.91
2023-07-25,8.6667,8600.0,0.0,8.75,121.89,0.0,0.0,-0.08329999999999949,118.9118918918919
2025-04-18,18.9167,32000.0,0.0,19.0,180.98,3.000000000000014,3.000000000000028,-0.08330000000000126,180.43
2023-06-28,12.5833,14600.0,0.0,12.6667,93.13,0.0,0.0,-0.08340000000000103,116.99
2024-11-10,8.9583,8950.0,1.5,9.0,107.23,34.55,48.15000000000003,-0.04170000000000051,146.17
2024-04-10,15.1667,19850.0,6.4,15.375,130.64,30.9,34.90000000000003,-0.2082999999999995,133.67
2022-05-25,18.1667,28750.0,0.0,18.3333,182.51,0.0,1.700000000000043,-0.1666000000000025,186.92
2022-02-23,19.125,32500.0,2.0,19.125,47.58666666666666,2.0,5.500000000000028,0.0,12.22
2024-02-21,18.9167,32000.0,0.0,19.0,129.6,0.0,0.0,-0.08330000000000126,128.3825925925926
2025-02-26,19.3333,33000.0,11.3,19.5,183.26,13.30000000000001,13.30000000000003,-0.1666999999999987,182.4
2022-05-15,19.1667,32100.0,0.0,19.1667,181.52,1.4,1.400000000000043,0.0,181.52
2025-11-28,20.0,36250.0,48.3,11.8333,10.47714285714286,310.0,406.4,8.1667,12.84428571428571
2024-05-02,13.4167,16200.0,3.0,13.4167,61.026,6.0,6.000000000000028,0.0,48.322
2022-02-25,19.125,32500.0,0.0,19.125,5.94,2.0,5.500000000000028,0.0,5.94
2021-03-22,18.8333,31500.0,0.0,19.0,174.75,0.0,0.0,-0.1666999999999987,173.66
2022-06-12,16.4167,22450.0,0.0,16.4583,140.96,0.0,0.0,-0.04160000000000252,150.98
2022-01-28,19.4167,33500.0,4.0,19.5,142.98,4.0,4.000000000000028,-0.08330000000000126,165.65
2024-04-04,16.0,22250.0,4.0,16.1667,169.88,4.0,7.200000000000029,-0.1666999999999987,168.88
2023-06-16,13.75,16700.0,0.0,14.0,191.71,0.0,0.0,-0.25,163.94
2022-07-13,12.4167,14200.0,0.0,12.6667,151.75,0.0,0.0,-0.25,174.63
2022-10-25,11.25,12200.0,0.0,11.4167,101.89,16.5,55.50000000000004,-0.1667000000000005,113.67
2022-02-09,18.5833,30500.0,0.0,18.75,156.79,0.0,0.0,-0.1666999999999987,156.03
2023-04-27,17.3333,26500.0,0.0,17.4167,166.51,5.5,5.500000000000043,-0.08339999999999748,123.03
2025-07-18,15.1667,19850.0,0.0,15.1667,172.848,0.0,0.0,0.0,173.51
2025-06-19,18.3333,30000.0,0.0,18.3333,139.3125,0.0,9.600000000000028,0.0,154.87
2025-06-24,17.7083,27925.0,0.0,17.875,222.09,0.0,0.0,-0.1666999999999987,220.9
2023-02-06,19.75,34750.0,0.0,19.5,144.0090909090909,0.0,38.80000000000004,0.25,140.8163636363636
2025-06-01,20.1667,36792.0,0.0,20.25,147.58,0.0,1.200000000000028,-0.08330000000000126,183.16
2022-11-29,10.4167,10700.0,0.0,10.4167,55.548,0.0,0.0,0.0,56.45
2025-06-26,17.375,26625.0,0.0,17.5417,188.86,0.0,0.0,-0.1666999999999987,177.38
2024-02-11,19.5417,33850.0,0.0,19.6667,183.84,0.0,0.0,-0.125,96.17
2024-02-05,20.125,36656.5,0.0,20.1667,126.968,0.0,5.000000000000028,-0.04169999999999874,146.13
2025-12-29,19.4583,33650.0,0.0,19.5417,95.88,0.0,0.0,-0.08339999999999748,54.27999999999999
2023-01-08,16.5,23500.0,0.0,15.6667,111.64,54.2,64.20000000000005,0.8332999999999995,115.5
2022-08-26,11.5,12500.0,0.5,11.5,62.91888888888889,0.4999999999999982,0.5000000000000391,0.0,62.13333333333333
2022-06-17,15.6667,21400.0,0.0,15.8333,182.93,6.0,6.000000000000043,-0.166599999999999,62.3
2024-06-10,13.75,16700.0,0.0,13.875,137.64,1.0,3.000000000000028,-0.125,155.08
2025-06-29,17.125,25775.0,0.0,17.25,160.61,0.0,0.0,-0.125,186.16
2023-07-08,11.0833,11800.0,0.0,11.0833,147.265,0.0,0.0,0.0,156.36
2025-06-02,20.0833,36521.0,0.0,20.1667,183.16,0.0,0.0,-0.08339999999999748,200.02
2024-03-19,18.375,30100.0,0.0,18.4583,96.73,0.0,0.0,-0.08330000000000126,147.02
2022-04-07,18.7917,31312.5,42.6,18.5833,172.98,92.6,176.8,0.2083999999999975,139.67
2024-06-20,12.5417,14500.0,0.0,12.6667,171.1975,2.6,5.600000000000028,-0.125,197.22
2023-06-26,12.8333,15100.0,0.0,13.0833,152.04,0.0,0.0,-0.25,149.83
2021-02-23,20.0,36250.0,0.0,20.0,24.27,0.0,2.0,0.0,28.43052631578947
2025-10-26,8.625,8550.0,0.0,8.6667,46.65,21.00000000000002,86.60000000000001,-0.04170000000000051,46.4
2024-06-16,12.6667,14700.0,0.0,12.7917,161.88,0.0,0.0,-0.125,93.13
2022-03-13,18.9167,32000.0,0.0,18.9167,6.1,0.0,0.0,0.0,6.1
2022-09-21,11.1667,12000.0,0.0,11.1667,43.09,0.0,0.0,0.0,45.01678571428572
2022-01-22,19.7917,35000.0,0.0,19.875,105.37,0.0,0.0,-0.08330000000000126,109.24
2025-10-12,9.5,9600.0,16.3,9.6667,186.24,16.30000000000003,22.30000000000003,-0.1667000000000005,184.02
2024-04-20,14.5,18000.0,0.0,14.625,179.02,0.0,0.0,-0.125,81.53
2023-09-04,7.75,7600.0,14.6,7.75,16.41258064516129,14.6,14.60000000000004,0.0,18.00677419354839
2024-02-04,20.1667,36792.0,0.0,20.1667,107.806,0.0,5.000000000000028,0.0,126.968
2023-06-03,15.8333,2175.0,0.0,15.9167,85.8,0.0,21.50000000000004,-0.08340000000000103,168.21
2022-03-24,19.0833,32400.0,0.0,19.0833,53.85666666666667,24.8,24.80000000000003,0.0,65.79333333333334
2023-04-29,17.1667,25850.0,4.6,17.25,122.71,4.6,10.10000000000004,-0.08330000000000126,122.39
2024-06-19,12.6667,14700.0,0.0,12.6667,145.175,5.6,5.600000000000028,0.0,171.1975
2023-05-13,17.75,28000.0,0.0,17.8333,124.95,0.0,0.0,-0.08330000000000126,140.69
2025-10-13,9.5833,9700.0,7.5,9.5,184.02,23.80000000000003,24.80000000000003,0.08329999999999949,139.15
2022-11-19,11.3333,12300.0,0.0,11.4167,88.53999999999999,0.0,44.00000000000004,-0.08340000000000103,113.69
2021-03-21,19.0,32100.0,0.0,19.0833,175.18,0.0,0.0,-0.08330000000000126,174.75
2023-04-05,19.0,32100.0,0.0,18.5833,189.3,19.5,26.70000000000004,0.4166999999999987,158.23
2024-11-18,7.9167,7800.0,3.3,8.0,117.92,3.3,20.88000000000003,-0.08330000000000037,110.76
2023-06-24,13.1667,15675.0,0.0,13.25,186.47,0.0,2.400000000000043,-0.08329999999999949,194.68
2023-01-12,17.5,27000.0,0.0,17.5,127.08,0.0,54.20000000000005,0.0,130.94
2022-06-22,15.4583,20825.0,0.0,15.5833,161.72,0.0,6.000000000000043,-0.125,165.85
2025-12-25,19.7083,34500.0,0.0,19.7083,126.46,0.0,0.0,0.0,126.46
2025-02-25,19.5,33800.0,2.0,19.6667,184.12,2.000000000000014,2.000000000000028,-0.1666999999999987,183.26
2024-03-27,17.25,26000.0,0.0,17.4167,187.73,0.0,0.0,-0.1666999999999987,196.89
2025-12-11,19.9167,35750.0,28.3,19.9583,49.05,60.30000000000003,60.30000000000003,-0.04160000000000252,48.98999999999999
2024-04-16,15.0833,19700.0,0.0,15.1667,93.42,0.0,21.40000000000003,-0.08340000000000103,118.12
2022-11-21,11.0,11600.0,0.0,11.1667,120.5,0.0,0.0,-0.1667000000000005,126.97
2024-06-21,12.3333,14000.0,0.0,12.5417,197.22,0.0,5.600000000000028,-0.208400000000001,203.49
2024-06-17,12.6667,14700.0,3.0,12.6667,93.13,3.0,3.000000000000028,0.0,119.1525
2025-05-10,20.6667,38416.0,0.0,20.75,181.39,6.800000000000028,8.900000000000029,-0.08330000000000126,175.038
2022-07-15,12.0833,13600.0,0.0,12.25,173.18,0.0,0.0,-0.1667000000000005,171.74
2025-10-19,8.7083,8650.0,4.2,8.875,132.0,100.9,150.0,-0.1667000000000005,130.38
2025-05-30,20.25,37062.0,0.0,20.3333,136.57,0.0,1.200000000000028,-0.08330000000000126,142.075
2024-02-25,18.875,31750.0,0.0,18.875,124.7303703703704,0.0,0.0,0.0,123.512962962963
2025-04-25,18.8333,31500.0,3.2,18.875,139.7,3.200000000000014,29.70000000000003,-0.04169999999999874,162.12
2024-04-22,14.5,18000.0,0.0,14.5,79.58,0.0,0.0,0.0,77.63
2022-02-15,19.0,32100.0,0.0,18.9167,132.8222222222222,7.0,28.00000000000003,0.08330000000000126,129.8677777777778
2024-02-24,18.875,31750.0,0.0,18.9167,125.9477777777778,0.0,0.0,-0.04169999999999874,124.7303703703704
2024-06-15,12.7917,14950.0,0.0,12.9167,166.97,0.0,0.0,-0.125,161.88
2025-07-17,15.1667,19850.0,0.0,15.2083,172.186,0.0,0.0,-0.04159999999999897,172.848
2022-11-30,10.25,10500.0,0.0,10.4167,56.45,0.0,0.0,-0.1667000000000005,122.45
2021-03-29,17.9167,28400.0,0.0,18.125,159.29,0.0,0.0,-0.2083000000000013,158.28
2023-04-03,18.75,31125.0,0.0,18.8333,196.12,4.7,7.200000000000043,-0.08330000000000126,195.4
2024-02-09,19.7917,35000.0,0.0,19.9167,174.24,0.0,0.0,-0.125,173.92
2022-06-16,15.8333,21750.0,6.0,16.0,179.14,6.0,6.000000000000043,-0.1667000000000005,182.93
2023-01-15,17.5,27000.0,0.0,17.5,134.8,0.0,0.0,0.0,161.72
2022-07-17,11.7917,12950.0,0.0,11.9167,77.19,0.0,0.0,-0.125,76.88
2023-06-22,13.3333,16100.0,0.0,13.5,180.07,0.0,2.400000000000043,-0.1667000000000005,187.18
2025-11-11,6.5833,6450.0,6.5,6.75,139.44,14.70000000000002,24.40000000000001,-0.1666999999999996,150.01
2023-07-20,9.5833,9700.0,0.0,9.6667,130.85,0.0,0.0,-0.08340000000000103,145.66
2024-04-03,16.1667,22325.0,0.0,16.3333,170.87,3.2,3.200000000000029,-0.1666000000000025,169.88
2023-05-03,17.3333,26500.0,3.2,17.25,122.9807692307692,13.2,34.40000000000005,0.08330000000000126,123.1776923076923
2025-10-06,10.8333,11400.0,5.0,11.0833,209.83,35.00000000000003,40.08000000000003,-0.25,207.7
2023-03-29,19.5,33800.0,0.0,19.6667,144.88,0.0,9.000000000000043,-0.1666999999999987,154.68
2025-04-05,19.625,34075.0,0.0,19.7083,191.39,44.00000000000001,49.00000000000003,-0.08330000000000126,174.65
2022-05-17,18.75,31125.0,2.2,18.9167,180.22,2.6,4.000000000000043,-0.1666999999999987,162.5
2025-04-07,19.6667,34250.0,0.0,19.7083,156.5,54.00000000000001,99.00000000000003,-0.04160000000000252,178.45
2022-04-01,18.4167,30200.0,0.0,18.5417,172.41,36.6,45.50000000000004,-0.125,182.98
2023-06-09,14.9167,19300.0,0.0,15.0,148.67,0.0,0.0,-0.08329999999999949,150.1166666666667
2022-03-20,19.0833,32400.0,0.0,19.0833,6.11,0.0,1.000000000000028,0.0,18.04666666666667
2024-02-08,19.9167,36750.0,0.0,20.0,176.6,0.0,0.0,-0.08330000000000126,174.24
2023-04-20,17.75,28000.0,0.0,17.9167,136.62,0.0,0.0,-0.1666999999999987,135.85
2022-10-23,11.5833,12600.0,16.5,11.6667,116.09,37.5,71.70000000000005,-0.08340000000000103,111.37
2024-02-16,19.4167,33500.0,0.0,19.4167,133.354,0.0,0.0,0.0,142.65
2022-05-08,19.6667,34250.0,0.0,19.6667,160.085,0.0,0.0,0.0,158.4
2024-12-04,18.0,28500.0,0.0,18.0,118.85,0.0,10.80000000000003,0.0,102.66
2021-03-28,18.125,28675.0,0.0,18.2083,159.7,0.0,0.0,-0.08330000000000126,159.29
2025-05-31,20.25,37062.0,0.0,20.25,142.075,0.0,1.200000000000028,0.0,147.58
2022-03-04,18.9167,32000.0,5.2,18.9167,41.28,5.2,5.200000000000029,0.0,6.11
2022-04-08,18.7917,31312.5,52.0,18.7917,139.67,144.6,228.8,0.0,163.27
2023-01-09,17.0,25500.0,0.0,16.5,115.5,42.2,64.20000000000005,0.5,119.36
2023-11-08,20.1667,36792.0,0.0,19.6667,35.91,4.2,254.4,0.5,128.71
2022-04-04,18.5,30300.0,0.0,18.5,149.37,84.2,128.0000000000001,0.0,178.0
